Wavelength	LJCO
443.0	0.016437238082289696
490.0	0.025001421570777893
560.0	0.021362867206335068
665.0	0.0029425250831991434
705.0	0.0018118536099791527
740.0	4.5061626587994397E-4
